skuId,refId,markup,listPrice,basePrice,costPrice
,94124836,,190,190,190
,95397041,,190,190,190
,96213270,,190,190,190
,81683779,,190,190,190
,94125192,,190,190,190
,96213294,,190,190,190
,95938467,,190,190,190
,80579505,,190,190,190
,94339934,,190,190,190
,94884155,,190,190,190
,96172908,,190,190,190
,96601179,,190,190,190
,56361110,,190,190,190
,95936227,,190,190,190
,95591410,,190,190,190
,95938416,,190,190,190
,94114344,,190,190,190
,96049334,,190,190,190
,96405104,,190,190,190
,95946245,,190,190,190
,93952419,,190,190,190
,88802189,,190,190,190
,91271077,,190,190,190
,94426561,,190,190,190
,95754979,,190,190,190
,95938674,,190,190,190
,94956945,,190,190,190
,91271256,,190,190,190
,81688992,,190,190,190
,96410415,,190,190,190
,94260876,,190,190,190
,94190660,,190,190,190
,93390025,,190,190,190
,94394812,,190,190,190
,91270569,,190,190,190
,95877707,,190,190,190
,95666481,,190,190,190
,96784201,,190,190,190
,95767901,,190,190,190
,94338311,,150,150,150
,94338292,,150,150,150
,96062253,,150,150,150
,96471963,,150,150,150
,95933805,,150,150,150
,93389458,,150,150,150
,95930957,,150,150,150
,94476360,,150,150,150
,69851531,,150,150,150
,93058573,,150,150,150
,87134449,,150,150,150
,92830134,,150,150,150
,80999819,,150,150,150
,91270942,,120,120,120
,94260888,,120,120,120
,95397080,,120,120,120
,96031135,,120,120,120
,95938213,,120,120,120
,94124921,,120,120,120
,93096725,,120,120,120
,85087073,,120,120,120
,92023284,,120,120,120
,95939154,,120,120,120
,32448426,,120,120,120
,94124849,,120,120,120
,87140613,,120,120,120
,94957822,,120,120,120
,92022709,,120,120,120
,97188521,,120,120,120
,96475848,,120,120,120
,96062214,,120,120,120
,56361231,,120,120,120
,95989308,,120,120,120
,95606750,,120,120,120
,94338280,,120,120,120
,94394658,,120,120,120
,95264064,,120,120,120
,95954549,,120,120,120
,93389421,,120,120,120
,96213282,,120,120,120
,94245730,,120,120,120
,92911694,,120,120,120
,96213228,,120,120,120
,56361134,,120,120,120
,95738790,,120,120,120
,92384115,,120,120,120
,87134136,,120,120,120
,93058585,,120,120,120
,96017187,,120,120,120
,96049277,,120,120,120
,96062292,,120,120,120
,66733173,,120,120,120
,81684071,,100,100,100
,95067683,,100,100,100
,94339610,,100,100,100
,87140570,,100,100,100
,95005232,,100,100,100
,92912339,,100,100,100
,96492092,,100,100,100
,85087103,,100,100,100
,93423241,,100,100,100
,80999943,,100,100,100
,94339634,,100,100,100
,94134501,,100,100,100
,94492931,,100,100,100
,95369233,,100,100,100
,96405129,,100,100,100
,93501475,,100,100,100
,54483832,,100,100,100
,93609692,,100,100,100
,96037658,,100,100,100
,92829758,,100,100,100
,91271013,,100,100,100
,93951231,,100,100,100
,95325814,,100,100,100
,95938398,,100,100,100
,95859400,,100,100,100
,69851914,,100,100,100
,94608268,,100,100,100
,96234260,,100,100,100
,96062541,,100,100,100
,95264231,,100,100,100
,95931070,,100,100,100
,96234273,,100,100,100
,95989362,,100,100,100
,93504087,,100,100,100
,94685943,,100,100,100
,93501487,,100,100,100
,94394633,,100,100,100
,32448480,,100,100,100
,94947520,,100,100,100
,95369546,,75,75,75
,92912269,,75,75,75
,94114617,,75,75,75
,95938540,,75,75,75
,87140528,,75,75,75
,93952377,,75,75,75
,95325865,,75,75,75
,96492150,,75,75,75
,94047338,,75,75,75
,96409740,,75,75,75
,94978350,,75,75,75
,90766589,,75,75,75
,91270602,,75,75,75
,94394290,,200,200,200
,95597850,,200,200,200
,95859437,,200,200,200
,96405171,,200,200,200
,96213377,,200,200,200
,93501448,,200,200,200
,95668995,,200,200,200
,95994765,,200,200,200
,96017302,,200,200,200
,94958833,,200,200,200
,94911052,,200,200,200
,94668996,,200,200,200
,87134846,,200,200,200
,93389937,,200,200,200
,96068499,,200,200,200
,95689265,,200,200,200
,80999846,,200,200,200
,93060124,,200,200,200
,94260793,,200,200,200
,81689024,,200,200,200
,96287257,,200,200,200
,87133016,,200,200,200
,96062238,,200,200,200
,95397532,,200,200,200
,85087277,,200,200,200
,93502422,,200,200,200
,94295650,,26,26,26
,87538454,,26,26,26
,94223725,,26,26,26
,96031218,,26,26,26
,94394702,,26,26,26
,89796749,,26,26,26
,94125095,,26,26,26
,94508656,,26,26,26
,94578980,,26,26,26
,96540088,,26,26,26
,95933775,,26,26,26
,94237001,,26,26,26
,96475850,,26,26,26
,96234343,,26,26,26
,95067777,,26,26,26
,95641213,,26,26,26
,95931477,,26,26,26
,81683536,,26,26,26
,80331767,,26,26,26
,81689036,,26,26,26
,96212953,,26,26,26
,95325662,,26,26,26
,95669002,,26,26,26
,95930887,,26,26,26
,93386002,,26,26,26
,93389582,,26,26,26
,96068505,,26,26,26
,87970474,,26,26,26
,95376363,,26,26,26
,95072065,,26,26,26
,93501596,,26,26,26
,96213009,,26,26,26
,96784292,,26,26,26
,93503133,,26,26,26
,95933602,,26,26,26
,95694741,,26,26,26
,92023218,,26,26,26
,94476179,,26,26,26
,93389516,,26,26,26
,93389964,,26,26,26
,96481040,,26,26,26
,96341096,,26,26,26
,92023393,,26,26,26
,93502568,,26,26,26
,87134885,,26,26,26
,95765297,,26,26,26
,95954715,,26,26,26
,95606748,,26,26,26
,95736669,,26,26,26
,69851901,,26,26,26
,95397354,,26,26,26
,81688486,,26,26,26
,56361161,,160,160,160
,95591256,,160,160,160
,95376963,,160,160,160
,94956835,,160,160,160
,96017078,,160,160,160
,94338580,,160,160,160
,95369246,,160,160,160
,96213473,,160,160,160
,95931016,,160,160,160
,95870526,,160,160,160
,80715875,,160,160,160
,94476045,,160,160,160
,92407300,,160,160,160
,95694726,,160,160,160
,94685860,,160,160,160
,93389913,,160,160,160
,92022724,,160,160,160
,96068393,,160,160,160
,95759170,,160,160,160
,94134311,,160,160,160
,94476018,,160,160,160
,96028343,,160,160,160
,94338880,,160,160,160
,49165007,,160,160,160
,95191917,,160,160,160
,96068366,,160,160,160
,95701109,,160,160,160
,95131160,,160,160,160
,91270681,,160,160,160
,87133140,,160,160,160
,94426598,,160,160,160
,96213173,,160,160,160
,88516355,,160,160,160
,93501639,,160,160,160
,95005092,,160,160,160
,94476057,,160,160,160
,95930899,,160,160,160
,94338362,,160,160,160
,94573427,,160,160,160
,86247856,,175,175,175
,94394321,,175,175,175
,94339674,,175,175,175
,94338911,,175,175,175
,94047025,,175,175,175
,92022616,,125,125,125
,94573549,,125,125,125
,87970568,,125,125,125
,96364182,,125,125,125
,94476115,,125,125,125
,80579532,,80,56,56
,94245703,,80,56,56
,96068379,,80,56,56
,90050437,,80,56,56
,94491275,,80,56,56
,95809065,,35,21,21
,94849027,,35,21,21
,95584427,,35,21,21
,93060136,,35,21,21
,91270596,,35,21,21
,54483845,,35,21,21
,95930984,,35,21,21
,80999788,,35,21,21
,95946108,,35,21,21
,96373338,,35,21,21
,96310594,,35,21,21
,80715905,,35,21,21
,96065192,,35,21,21
,80579642,,35,21,21
,96213460,,35,21,21
,96144105,,35,21,21
,95358123,,35,21,21
,39045030,,35,21,21
,95131228,,69.95,54.99,54.99
,95754942,,69.95,54.99,54.99
,95376196,,69.95,54.99,54.99
,92023257,,69.95,54.99,54.99
,94476415,,69.95,54.99,54.99
,94047341,,69.95,54.99,54.99
,94491235,,69.95,54.99,54.99
,96284918,,69.95,54.99,54.99
,96784278,,69.95,54.99,54.99
,95989292,,69.95,54.99,54.99
,96364213,,69.95,54.99,54.99
,93389773,,69.95,54.99,54.99
,94426683,,69.95,54.99,54.99
,92023038,,69.95,54.99,54.99
,96522449,,69.95,54.99,54.99
,81683524,,69.95,54.99,54.99
,91270520,,69.95,54.99,54.99
,96027898,,54.50,44.99,44.99
,95666454,,54.50,44.99,44.99
,91270499,,54.50,44.99,44.99
,94338404,,54.50,44.99,44.99
,91693325,,54.50,44.99,44.99
,95192149,,54.50,44.99,44.99
,91270532,,79.50,79.50,79.50
,93060260,,79.50,79.50,79.50
,95280937,,79.50,79.50,79.50
,81688941,,79.50,79.50,79.50
,81683851,,79.50,79.50,79.50
,94957752,,79.50,79.50,79.50
,96234297,,79.50,47.70,47.70
,94049118,,79.50,47.70,47.70
,95738724,,79.50,47.70,47.70
,95701712,,79.50,47.70,47.70
,95702053,,79.50,47.70,47.70
,81688217,,79.50,47.70,47.70
,91692217,,79.50,47.70,47.70
,96069283,,79.50,47.70,47.70
,96212980,,79.50,47.70,47.70
,94340242,,79.50,47.70,47.70
,95352565,,79.50,47.70,47.70
,93504023,,79.50,47.70,47.70
,95393876,,139,34.99,34.99
,95225868,,34.99,62.99,62.99
,56361256,,34.99,62.99,62.99
,95362216,,34.99,62.99,62.99
,96341166,,34.99,62.99,62.99
,95362894,,34.99,62.99,62.99
,95933723,,34.99,62.99,62.99
,81688147,,398,398,398
,56361122,,398,398,398
,81688110,,398,398,398
,92023339,,398,398,398
,81000008,,398,398,398
,91270462,,398,398,398
,85087289,,398,398,398
,95859440,,175,175,175
,94049769,,175,175,175
,97186972,,175,175,175
,94134292,,175,175,175
,95841977,,175,175,175
,96471881,,75,75,75
,96481110,,75,75,75
,93504062,,75,75,75
,95938537,,75,75,75
,94427002,,75,75,75
,90052080,,75,75,75
,93060233,,75,75,75
,95765151,,75,75,75
,87133113,,75,75,75
,94134362,,120,120,120
,96017080,,120,120,120
,92023123,,120,120,120
,96481186,,120,120,120
,96410360,,120,120,120
,81683876,,89.50,89.50,89.50
,92911724,,89.50,89.50,89.50
,94113957,,89.50,89.50,89.50
,96062129,,89.50,89.50,89.50
,95842309,,89.50,89.50,89.50
,96172783,,89.50,89.50,89.50
,93503243,,89.50,89.50,89.50
,94223629,,89.50,89.50,89.50
,88254713,,89.50,89.50,89.50
,95765163,,89.50,89.50,89.50
,94295717,,89.50,89.50,89.50
,92022806,,40,40,40
,95761634,,40,40,40
,95938686,,40,40,40
,94573385,,40,40,40
,95939069,,40,40,40
,91693419,,125,125,125
,39045028,,125,125,125
,94373109,,125,125,125
,94049705,,125,125,125
,94237026,,125,125,125
,96481159,,59.95,59.95,59.95
,91271052,,59.95,59.95,59.95
,94338253,,59.95,59.95,59.95
,93951341,,59.95,59.95,59.95
,96028355,,59.95,59.95,59.95
,94245494,,59.95,59.95,59.95
,96078332,,59.95,59.95,59.95
,94245416,,59.95,59.95,59.95
,94898223,,59.95,59.95,59.95
,95681836,,59.95,59.95,59.95
,95738751,,59.95,59.95,59.95
,92022788,,44.95,44.95,44.95
,95352611,,44.95,44.95,44.95
,97186969,,44.95,44.95,44.95
,95325801,,44.95,44.95,44.95
,94907315,,44.95,44.95,44.95
,93952446,,44.95,44.95,44.95
,96410427,,44.95,44.95,44.95
,95702078,,44.95,44.95,44.95
,94200857,,44.95,44.95,44.95
,94573397,,44.95,44.95,44.95
,96601154,,44.95,44.95,44.95
,94685916,,65.00,65.00,65.00
,96172962,,65.00,65.00,65.00
,95591244,,65.00,65.00,65.00
,80715726,,65.00,65.00,65.00
,96481498,,65.00,65.00,65.00
,95994778,,65.00,65.00,65.00
,93423323,,65.00,65.00,65.00
,93501642,,65.00,65.00,65.00
,94340184,,65.00,65.00,65.00
,94339659,,65.00,65.00,65.00
,94245361,,65.00,65.00,65.00
,95938116,,69.95,55.00,55.00
,96213313,,69.95,55.00,55.00
,94491248,,69.95,55.00,55.00
,95702038,,69.95,55.00,55.00
,93389600,,69.95,55.00,55.00
,96166122,,69.95,55.00,55.00
,94200927,,69.95,55.00,55.00
,95701303,,265,265,265
,87134928,,265,265,265
,92829746,,265,265,265
,95597835,,265,265,265
,95491598,,265,265,265
,97082078,,283,283,283
,96233886,,283,283,283
,96233929,,283,283,283
,81688459,,283,283,283
,96030079,,283,283,283
,80715792,,175,175,175
,94245743,,175,175,175
,95765246,,175,175,175
,95352483,,175,175,175
,94685970,,175,175,175
,93503230,,175,175,175
,95939057,,175,175,175
,96062704,,175,175,175
,96405144,,72,65,65
,94125275,,72,65,65
,95938455,,72,65,65
,96213243,,72,65,65
,94047064,,72,65,65
,95191683,,72,65,65
,96031205,,52,32,32
,95325768,,52,32,32
,94426968,,52,32,32
,94190621,,52,32,32
,92023150,,52,32,32
,94928115,,49.50,29.98,29.98
,85087097,,49.50,29.98,29.98
,97186887,,49.50,29.98,29.98
,94260781,,49.50,29.98,29.98
,96031111,,79.95,59.99,59.99
,94049279,,79.95,59.99,59.99
,97188670,,79.95,59.99,59.99
,92023342,,79.95,59.99,59.99
,96028694,,79.95,59.99,59.99
,95842324,,79.95,59.99,59.99
,95954551,,59.99,59.99,59.99
,81688186,,59.99,59.99,59.99
,96373326,,59.99,59.99,59.99
,94340132,,59.99,59.99,59.99
,87134506,,59.99,59.99,59.99
,96068954,,59.99,59.99,59.99
,96027917,,59.99,59.99,59.99
,92022994,,175,175,175
,95325592,,175,175,175
,95989171,,175,175,175
,91384225,,89,89,89
,96284920,,89,89,89
,81683397,,89,89,89
,90766540,,89,89,89
,94911895,,89,89,89
,84486321,,89,89,89
,94113899,,39,39,39
,96017366,,39,39,39
,94907557,,39,39,39
,94047174,,39,39,39
,96471720,,39,39,39
,95701916,,39,39,39
,96475587,,39,39,39
,96475918,,39,39,39
,94906967,,39,39,39
,95597138,,39,39,39
,94476479,,39,39,39
,95264244,,39,39,39
,93423280,,39,39,39
,94124766,,39,39,39
,95191507,,39,39,39
,95938730,,39,39,39
,96234316,,39,39,39
,95280340,,39,39,39
,95989183,,39,39,39
,95191164,,39,39,39
,95936215,,39,39,39
,94049099,,39,39,39
,95933818,,39,39,39
,96364155,,39,39,39
,96382395,,39,39,39
,96475575,,39,39,39
,94394727,,39,39,39
,96491943,,39,39,39
,94052404,,39,39,39
,87134258,,39,39,39
,80579639,,39,39,39
,93504336,,39,39,39
,81689049,,39,39,39
,94978323,,39,39,39
,92911616,,39,39,39
,92912296,,39,39,39
,91270832,,39,39,39
,94223789,,39,39,39
,96405117,,39,39,39
,94849015,,39,39,39
,81688844,,39,39,39
,81688817,,39,39,39
,80999751,,70,70,70
,86247774,,70,70,70
,92911712,,70,70,70
,97188655,,70,70,70
,96481052,,70,70,70
,95996463,,70,70,70
,95606711,,200,200,200
,94476142,,200,200,200
,96062538,,200,200,200
,94947518,,200,200,200
,94372740,,200,200,200
,96068462,,200,200,200
,96116640,,200,200,200
,96143940,,200,200,200
,92912162,,200,200,200
,94236860,,200,200,200
,94373163,,200,200,200
,95689278,,200,200,200
,96062241,,200,200,200
,96481064,,200,200,200
,94245537,,200,200,200
,87970486,,200,200,200
,94134592,,200,200,200
,93462335,,200,200,200
,95547383,,155,155,155
,54488947,,155,155,155
,96287272,,155,155,155
,94338541,,155,155,155
,94114331,,155,155,155
,85953696,,100,65.97,65.97
,69852964,,100,65.97,65.97
,93504309,,100,65.97,65.97
,81688392,,100,65.97,65.97
,94114395,,100,65.97,65.97
,96490847,,100,65.97,65.97
,96068411,,100,65.97,65.97
,85953726,,100,65.97,65.97
,91270627,,100,65.97,65.97
,95938782,,100,65.97,65.97
,96030054,,100,65.97,65.97
,96475657,,100,65.97,65.97
,92407088,,100,65.97,65.97
,32448478,,100,65.97,65.97
,95352471,,100,65.97,65.97
,88802191,,100,65.97,65.97
,96069013,,115,115,115
,96784265,,115,115,115
,94124685,,115,115,115
,92819923,,115,115,115
,90766716,,115,115,115
,45121428,,115,115,115
,94338923,,115,115,115
,95666576,,115,115,115
,91271341,,115,115,115
,92830283,,115,115,115
,94492737,,115,115,115
,96522490,,115,115,115
,81683890,,115,115,115
,90766743,,115,115,115
,77082195,,115,115,115
,94978362,,115,115,115
,94125287,,115,115,115
,95636990,,115,115,115
,93058412,,115,115,115
,94295526,,115,115,115
,69851710,,115,115,115
,96490859,,115,115,115
,93386015,,115,115,115
,96068520,,115,115,115
,87133968,,115,115,115
,95376202,,115,115,115
,93390000,,115,115,115
,94124985,,115,115,115
,96393165,,115,115,115
,95325348,,115,115,115
,81684029,,115,115,115
,94124781,,115,115,115
,94049688,,115,115,115
,95584479,,115,115,115
,96017408,,115,115,115
,95280088,,115,115,115
,94884825,,115,115,115
,96310652,,115,115,115
,95325399,,115,115,115
,94114629,,115,115,115
,93503119,,349,349,349
,85118289,,349,349,349
,95767868,,349,349,349
,95765260,,349,349,349
,95192233,,349,349,349
,95597741,,349,349,349
,77082226,,349,349,349
,93502434,,99.50,92.50,92.50
,95870495,,99.50,92.50,92.50
,96234355,,99.50,92.50,92.50
,95584466,,99.50,92.50,92.50
,93385929,,99.50,92.50,92.50
,94911040,,99.50,92.50,92.50
,94338892,,99.50,92.50,92.50
,94926950,,99.50,92.50,92.50
,95702026,,99.50,92.50,92.50
,94668726,,99.50,92.50,92.50
,96069326,,99.50,92.50,92.50
,95694780,,99.50,92.50,92.50
,94295675,,99.50,92.50,92.50
,94052201,,99.50,92.50,92.50
,94907545,,99.50,92.50,92.50
,96213255,,99.50,92.50,92.50
,95933884,,99.50,92.50,92.50
,96172768,,99.50,92.50,92.50
,95675036,,99.50,92.50,92.50
,95636705,,99.50,92.50,92.50
,95762633,,99.50,92.50,92.50
,77082350,,99.50,92.50,92.50
,95280964,,99.50,92.50,92.50
,96213063,,99.50,92.50,92.50
,95939045,,99.50,92.50,92.50
,94394306,,99.50,92.50,92.50
,94956741,,99.50,92.50,92.50
,81688410,,99.50,92.50,92.50
,95397475,,84.50,35.99,35.99
,94421050,,84.50,35.99,35.99
,95606642,,84.50,35.99,35.99
,87133067,,84.50,35.99,35.99
,95368956,,84.50,35.99,35.99
,84486397,,84.50,35.99,35.99
,95636912,,84.50,35.99,35.99
,94669028,,170,170,170
,96234303,,170,170,170
,96481474,,170,170,170
,69853172,,170,170,170
,95191695,,170,170,170
,95191822,,170,170,170
,81688268,,170,170,170
,92023315,,170,170,170
,94685873,,170,170,170
,38359425,,170,170,170
,96784308,,170,170,170
,95478558,,170,170,170
,92830229,,65,65,65
,96475753,,65,65,65
,94223617,,65,65,65
,93389977,,65,65,65
,96028463,,65,65,65
,94897251,,65,65,65
,97082135,,65,65,65
,97054027,,65,65,65
,92911788,,65,65,65
,95938610,,65,65,65
,95191464,,65,65,65
,94468159,,65,65,65
,95666536,,65,65,65
,96212978,,65,65,65
,92912135,,65,65,65
,96031148,,70,70,70
,92023108,,70,70,70
,96481544,,70,70,70
,95325704,,70,70,70
,93389364,,70,70,70
,91270927,,70,70,70
,93492492,,69.50,59.99,59.99
,48108532,,69.50,59.99,59.99
,95131230,,69.50,59.99,59.99
,95930141,,69.50,59.99,59.99
,96659691,,69.50,59.99,59.99
,80579805,,69.50,59.99,59.99
,95597029,,69.50,59.99,59.99
,95478546,,69.50,59.99,59.99
,95765258,,69.50,59.99,59.99
,95841940,,69.50,59.99,59.99
,97187929,,69.50,59.99,59.99
,95192136,,69.50,59.99,59.99
,95701806,,65,65,65
,92022903,,65,65,65
,96417936,,65,65,65
,95701190,,65,65,65
,87140582,,65,65,65
,95192246,,65,65,65
,96213340,,65,65,65
,96213364,,65,65,65
,94125208,,65,65,65
,96475741,,65,65,65
,95701709,,65,65,65
,81684031,,65,65,65
,92023245,,65,65,65
,92384102,,65,65,65
,93462278,,65,65,65
,95989348,,65,65,65
,96030066,,65,65,65
,94685670,,65,65,65
,92912175,,69,69,69
,94338241,,69,69,69
,92023232,,69,69,69
,92022858,,69,69,69
,69851895,,69,69,69
,94928127,,69,69,69
,87133028,,69,69,69
,86663973,,69,69,69
,95191207,,69,69,69
,97082162,,69,69,69
,96287342,,69,69,69
,94340120,,69,69,69
,94245610,,69,69,69
,96481013,,69,69,69
,93060370,,69,69,69
,32448535,,69,69,69
,85087155,,69,69,69
,95929222,,69,69,69
,94114286,,69,69,69
,96062650,,69,69,69
,88254700,,69,69,69
,94340035,,69,69,69
,96049252,,69,69,69
,94338662,,69,69,69
,59812035,,39.95,39.95,39.95
,86247844,,39.95,39.95,39.95
,85381043,,39.95,39.95,39.95
,95701093,,39.95,39.95,39.95
,85382749,,39.95,39.95,39.95
,94124973,,39.95,39.95,39.95
,96068993,,39.95,39.95,39.95
,86602643,,39.95,39.95,39.95
,81688378,,39.95,39.95,39.95
,92023148,,39.95,39.95,39.95
,91270572,,39.95,39.95,39.95
,97082175,,39.95,39.95,39.95
,95187685,,40,40,40
,96144349,,40,40,40
,92829594,,40,40,40
,92911751,,40,40,40
,96027929,,40,40,40
,94394454,,40,40,40
,96079859,,40,40,40
,96017065,,40,40,40
,95681851,,40,40,40
,87134476,,40,40,40
,95377007,,40,40,40
,94492917,,40,40,40
,95930138,,79,79,79
,94223695,,79,79,79
,95393906,,79,79,79
,85953738,,79,79,79
,96475548,,79,79,79
,59811625,,79,79,79
,96410373,,79,79,79
,92911749,,79,79,79
,93504324,,79,79,79
,96068423,,79,79,79
,96065180,,79,79,79
,94124958,,79,79,79
,96475765,,79,79,79
,93952485,,79,79,79
,95938755,,79,79,79
,87133070,,79,79,79
,91692204,,79,79,79
,96341142,,79,79,79
,96143937,,90,90,90
,95946111,,90,90,90
,96393114,,90,90,90
,93952458,,90,90,90
,96062592,,90,90,90
,69851474,,90,90,90
,94125071,,90,90,90
,95329331,,90,90,90
,95931055,,90,90,90
,87970498,,90,90,90
,82539803,,90,90,90
,97028175,,90,90,90
,94245443,,90,90,90
,95393851,,90,90,90
,96028476,,90,90,90
,88516394,,90,90,90
,93503989,,90,63,63
,94907078,,90,63,63
,94394715,,90,63,63
,92407090,,90,63,63
,96540090,,90,63,63
,96062635,,90,63,63
,94339589,,90,63,63
,87134490,,90,63,63
,96310677,,90,63,63
,96062578,,90,63,63
,95377010,,90,63,63
,80579787,,90,63,63
,92022573,,90,63,63
,96027700,,90,63,63
,84486402,,90,63,63
,91415958,,90,63,63
,85380345,,90,63,63
,95938155,,90,63,63
,96031162,,90,63,63
,61019578,,90,63,63
,95996451,,90,63,63
,97082065,,90,63,63
,94339986,,90,63,63
,94372791,,90,63,63
,96405226,,90,63,63
,96116691,,90,63,63
,95591231,,90,63,63
,92820099,,90,63,63
,95596906,,90,63,63
,95606820,,90,63,63
,87970556,,90,63,63
,95933872,,90,63,63
,49164988,,150,150,150
,94426700,,150,150,150
,95675063,,150,150,150
,94468283,,150,150,150
,95591461,,150,150,150
,96079834,,150,150,150
,87140637,,150,150,150
,81683919,,150,150,150
,95994850,,150,150,150
,94047186,,150,150,150
,94978387,,150,150,150
,95067671,,150,150,150
,96481091,,150,150,150
,96341139,,150,150,150
,91693433,,150,150,150
,96481447,,150,150,150
,94394742,,150,150,150
,87134246,,150,150,150
,94190781,,150,150,150
,93385968,,150,150,150
,87133971,,150,150,150
,93504254,,150,150,150
,94200832,,150,150,150
,93952352,,150,150,150
,96475669,,150,150,150
,94164208,,150,150,150
,87099957,,150,150,150
,54483818,,150,150,150
,96172935,,150,150,150
,84486385,,150,150,150
,96049225,,150,150,150
,94394851,,150,150,150
,94338623,,150,150,150
,95393890,,150,150,150
,93389882,,150,150,150
,94134456,,150,150,150
,52298650,,150,150,150
,95930126,,150,150,150
,94260809,,150,150,150
,94686148,,150,150,150
,96233847,,150,150,150
,77082214,,150,150,150
,95689526,,150,150,150
,96079931,,150,150,150
,94907966,,150,150,150
,96172923,,150,150,150
,96062648,,150,150,150
,94906943,,150,150,150
,96017220,,100,100,100
,95938167,,100,100,100
,94573402,,100,100,100
,82273563,,100,100,100
,96549871,,100,100,100
,94338156,,100,100,100
,75505423,,100,100,100
,92819880,,100,100,100
,96481517,,100,100,100
,97186778,,100,100,100
,95369724,,100,100,100
,92407294,,100,100,100
,80331907,,100,100,100
,92830013,,100,100,100
,92407421,,100,100,100
,92383237,,100,100,100
,94426629,,85,85,85
,96062565,,85,85,85
,81688461,,85,85,85
,95325387,,85,85,85
,95192112,,85,85,85
,93501545,,85,85,85
,38359440,,85,85,85
,49164990,,85,85,85
,95938182,,85,85,85
,96481122,,85,85,85
,93389567,,85,85,85
,94978431,,85,85,85
,95597780,,85,85,85
,94908013,,85,85,85
,94394224,,85,85,85
,94898211,,85,85,85
,95999270,,85,85,85
,95701219,,85,85,85
,93096810,,85,85,85
,93423675,,85,85,85
,94491250,,85,85,85
,96617630,,85,85,85
,95930932,,85,85,85
,94338865,,85,85,85
,92023269,,85,85,85
,59811719,,85,85,85
,94956808,,85,85,85
,94476536,,85,85,85
,94049120,,85,85,85
,75505408,,85,85,85
,95989195,,85,85,85
,96481174,,85,85,85
,87133929,,85,85,85
,91384194,,85,85,85
,95591268,,85,85,85
,94421105,,85,85,85
,96030124,,85,85,85
,96481204,,85,85,85
,94468295,,85,85,85
,56361271,,85,85,85
,90053965,,85,85,85
,95531116,,85,85,85
,92819226,,85,85,85
,92912284,,85,85,85
,94476512,,85,85,85
,94340157,,85,85,85
,96310689,,85,85,85
,66733158,,85,85,85
,95191440,,65,65,65
,96033325,,65,65,65
,94421048,,65,65,65
,91081254,,65,65,65
,94508668,,65,65,65
,87134027,,65,65,65
,96337277,,65,65,65
,95596890,,65,65,65
,93389555,,65,65,65
,94394373,,65,65,65
,95666427,,65,65,65
,95004967,,65,65,65
,96049240,,65,65,65
,92911630,,65,65,65
,97081994,,65,65,65
,95938910,,65,65,65
,91384200,,65,65,65
,93423335,,65,65,65
,96213049,,65,65,65
,94124742,,65,65,65
,95591486,,65,65,65
,94394697,,65,65,65
,94685806,,65,65,65
,52298648,,65,65,65
,81684178,,65,65,65
,92407282,,65,65,65
,95280337,,65,65,65
,92023041,,65,65,65
,92022628,,65,65,65
,89796763,,65,65,65
,92022630,,65,65,65
,95938703,,65,65,65
,97186811,,110,110,110
,32448508,,110,110,110
,90766525,,110,110,110
,95938200,,110,110,110
,92912187,,110,110,110
,94491262,,110,110,110
,94338308,,110,110,110
,94394890,,110,110,110
,97082053,,110,110,110
,93389900,,110,110,110
,94125138,,110,110,110
,95946135,,110,110,110
,94394876,,110,110,110
,94956780,,110,110,110
,94134308,,110,110,110
,96068339,,110,110,110
,97028135,,110,110,110
,95929234,,110,110,110
,96033337,,110,110,110
,96415568,,110,110,110
,95702065,,110,110,110
,95397092,,110,110,110
,97186862,,110,110,110
,95767871,,110,110,110
,96393126,,110,110,110
,91270993,,110,110,110
,95369382,,110,110,110
,96172911,,110,110,110
,96213146,,110,110,110
,91081239,,110,110,110
,95191534,,110,110,110
,94340227,,110,110,110
,94295662,,550,550,550
,85953701,,550,550,550
,96405086,,550,550,550
,84486306,,550,550,550
,87099969,,550,550,550
,96490700,,550,550,550
,92912220,,550,550,550
,94134608,,550,550,550
,94134611,,550,550,550
,95681888,,550,550,550
,96062171,,550,550,550
,96062183,,550,550,550
,95701081,,550,550,550
,96213106,,550,550,550
,95264091,,550,550,550
,95369449,,55,55,55
,94475947,,55,55,55
,88254822,,55,55,55
,96062553,,55,55,55
,92383200,,55,55,55
,94338648,,55,55,55
,96213497,,55,55,55
,95930969,,55,55,55
,93462323,,55,55,55
,93060246,,55,55,55
,87538385,,55,55,55
,95397518,,55,55,55
,95842351,,55,55,55
,94114247,,55,55,55
,91693243,,55,55,55
,96405201,,55,55,55
,92022790,,55,55,55
,94476166,,55,55,55
,94338795,,55,55,55
,94338878,,55,55,55
,96166198,,55,55,55
,93951314,,55,55,55
,42956179,,55,55,55
,95936196,,55,55,55
,94340087,,55,55,55
,94907041,,55,55,55
,96049307,,55,55,55
,81684017,,55,55,55
,92023381,,55,55,55
,81688365,,55,55,55
,96471912,,55,55,55
,97028148,,55,55,55
,61019592,,55,55,55
,94124946,,55,55,55
,95809078,,55,55,55
,93952497,,55,55,55
,95933748,,55,55,55
,96481459,,55,55,55
,95762646,,55,55,55
,94897249,,55,55,55
,94394415,,55,55,55
,92830268,,55,55,55
,80715714,,55,55,55
,94468229,,55,55,55
,94340239,,55,55,55
,96364170,,55,55,55
,81688204,,55,55,55
,95989241,,55,55,55
,90766591,,85,85,85
,94338838,,85,85,85
,95369258,,85,85,85
,94394836,,85,85,85
,95376215,,85,85,85
,94339564,,85,85,85
,93502747,,85,85,85
,69851759,,85,85,85
,96617603,,85,85,85
,94224860,,85,85,85
,95933787,,85,85,85
,92820202,,85,85,85
,94124660,,85,85,85
,87099862,,85,85,85
,93060221,,85,85,85
,95376951,,85,85,85
,93503952,,85,85,85
,80331770,,85,85,85
,90052111,,85,85,85
,96213203,,85,85,85
,96212914,,85,85,85
,95675024,,85,85,85
,90053938,,85,85,85
,95591474,,85,85,85
,94340050,,85,85,85
,56361174,,85,85,85
,96031175,,85,85,85
,94573373,,85,85,85
,95681863,,85,85,85
,56361159,,85,85,85
,95264217,,85,85,85
,91270448,,85,85,85